ip,ip_numeric,ip_version,asn,user_agent_id,url
100.24.149.244,1679332852,4,14618,6088,/informativa-cookie
100.24.149.244,1679332852,4,14618,6088,/informativa-cookie/
100.24.149.244,1679332852,4,14618,6088,/offerte/panasonic-tv-uhd
100.24.167.60,1679337276,4,14618,6088,/power-bank-solare-X-DRAGON-25000mAh-amazon
100.24.37.192,1679304128,4,14618,386,/wp-content/plugins/akismet/_inc/akismet-frontend.js?ver=1749668038
100.24.37.192,1679304128,4,14618,386,/wp-content/plugins/contact-form-7/includes/js/index.js?ver=6.0.6
100.24.37.192,1679304128,4,14618,386,/wp-content/plugins/contact-form-7/includes/swv/js/index.js?ver=6.0.6
100.24.37.192,1679304128,4,14618,386,/wp-content/plugins/cookie-law-info/legacy/public/js/cookie-law-info-public.js?ver=3.2.10
100.24.37.192,1679304128,4,14618,386,/wp-content/plugins/fancy-box/jquery.easing.js?ver=1.3
100.24.37.192,1679304128,4,14618,386,/wp-content/plugins/fancy-box/jquery.fancybox.js?ver=1.2.6
100.24.37.192,1679304128,4,14618,386,/wp-content/plugins/super-socializer/js/front/facebook/sdk.js?ver=7.14.3
100.24.37.192,1679304128,4,14618,386,/wp-content/plugins/super-socializer/js/front/sharing/sharing.js?ver=7.14.3
100.24.37.192,1679304128,4,14618,386,/wp-content/plugins/super-socializer/js/front/social_login/general.js?ver=7.14.3
100.24.37.192,1679304128,4,14618,386,/wp-content/plugins/table-of-contents-plus/front.min.js?ver=2411.1
100.24.37.192,1679304128,4,14618,386,/wp-content/plugins/yet-another-stars-rating/includes/js/shortcodes/overall-multiset.js?ver=3.4.15
100.24.37.192,1679304128,4,14618,386,/wp-content/plugins/yet-another-stars-rating/includes/js/yasr-globals.js?ver=3.4.15
100.24.37.192,1679304128,4,14618,386,/wp-content/themes/rethink/js/custom.js?ver=6.8.3
100.24.37.192,1679304128,4,14618,386,/wp-content/themes/rethink/js/mobile-menu.js?ver=6.8.3
100.24.37.192,1679304128,4,14618,386,/wp-content/themes/rethink/js/superfish.js?ver=6.8.3
100.25.120.246,1679390966,4,14618,6088,/search/venezia/page/8
100.25.42.116,1679370868,4,14618,4047,/wp-content/plugins/akismet/_inc/akismet-frontend.js?ver=1748098810
100.25.42.116,1679370868,4,14618,4047,/wp-content/plugins/akismet/_inc/akismet-frontend.js?ver=1748105831
100.25.42.116,1679370868,4,14618,4047,/wp-content/plugins/super-progressive-web-apps/public/js/register-sw.js?ver=2.2.37
100.25.42.116,1679370868,4,14618,4047,/wp-content/plugins/super-socializer/js/front/combined.js?ver=7.14.3
100.25.42.116,1679370868,4,14618,4047,/wp-content/plugins/table-of-contents-plus/front.min.js?ver=2411.1
100.25.42.116,1679370868,4,14618,4047,/wp-content/themes/twentytwentyfive/assets/fonts/manrope/Manrope-VariableFont_wght.woff2
100.26.45.66,1679437122,4,14618,4047,/wp-content/cache/minify/1615d.js
100.26.45.66,1679437122,4,14618,4047,/wp-content/cache/minify/64f55.js
100.26.45.66,1679437122,4,14618,4047,/wp-content/cache/minify/818c0.js
100.26.45.66,1679437122,4,14618,4047,/wp-content/cache/minify/c6c19.js
100.26.45.66,1679437122,4,14618,4047,/wp-content/cache/minify/ce0cd.js
100.26.45.66,1679437122,4,14618,4047,/wp-content/plugins/akismet/_inc/akismet-frontend.js?ver=1748098810
100.26.45.66,1679437122,4,14618,4047,/wp-content/themes/twentytwentyfive/assets/fonts/manrope/Manrope-VariableFont_wght.woff2
100.27.254.99,1679556195,4,14618,14754,/.git/config
100.28.118.16,1679586832,4,14618,6088,/informativa-cookie/
100.28.118.16,1679586832,4,14618,6088,/offerte/samsung-tv-3d
100.28.133.214,1679590870,4,14618,6088,/wp-content/uploads/2019/09/Manuale-Nikon-D3500.pdf
100.28.204.82,1679608914,4,14618,6088,/offerte/huawei-ascend-g6-4g-garanzia-italia
100.28.204.82,1679608914,4,14618,6088,/power-bank-BINKE-26800mAh-amazon
100.28.44.58,1679567930,4,14618,6088,/wp-content/uploads/photo-gallery/magic-mike-xxl/thumb/
100.28.49.152,1679569304,4,14618,6088,/wp-content/uploads/2019/10/fac-simile-disdetta-polizza-luce-ok.pdf
100.28.57.133,1679571333,4,14618,6088,/wp-content/uploads/rank-math/rank_math_d8597cc5308ba7100072e41ac2b642a4.xml
100.29.155.89,1679661913,4,14618,6088,/wp-content/uploads/2016/12/
100.29.160.53,1679663157,4,14618,6088,/wp-content/uploads/2018/04/
100.29.164.178,1679664306,4,14618,6088,/wp-content/uploads/2023/11/
100.29.63.24,1679638296,4,14618,6088,/go/offerte-peschici
100.29.63.24,1679638296,4,14618,6088,/wp-content/uploads/photo-gallery/morena%20baccarin/thumb/
100.30.255.46,1679753006,4,14618,386,/wp-content/plugins/akismet/_inc/akismet-frontend.js?ver=1749668038
100.30.255.46,1679753006,4,14618,386,/wp-content/plugins/contact-form-7/includes/js/index.js?ver=6.0.6
100.30.255.46,1679753006,4,14618,386,/wp-content/plugins/contact-form-7/includes/swv/js/index.js?ver=6.0.6
100.30.255.46,1679753006,4,14618,386,/wp-content/plugins/cookie-law-info/legacy/public/js/cookie-law-info-public.js?ver=3.2.10
100.30.255.46,1679753006,4,14618,386,/wp-content/plugins/fancy-box/jquery.easing.js?ver=1.3
100.30.255.46,1679753006,4,14618,386,/wp-content/plugins/fancy-box/jquery.fancybox.js?ver=1.2.6
100.30.255.46,1679753006,4,14618,386,/wp-content/plugins/super-socializer/js/front/facebook/sdk.js?ver=7.14.3
100.30.255.46,1679753006,4,14618,386,/wp-content/plugins/super-socializer/js/front/sharing/sharing.js?ver=7.14.3
100.30.255.46,1679753006,4,14618,386,/wp-content/plugins/super-socializer/js/front/social_login/general.js?ver=7.14.3
100.30.255.46,1679753006,4,14618,386,/wp-content/plugins/table-of-contents-plus/front.min.js?ver=2411.1
100.30.255.46,1679753006,4,14618,386,/wp-content/plugins/yet-another-stars-rating/includes/js/shortcodes/overall-multiset.js?ver=3.4.15
100.30.255.46,1679753006,4,14618,386,/wp-content/plugins/yet-another-stars-rating/includes/js/yasr-globals.js?ver=3.4.15
100.30.255.46,1679753006,4,14618,386,/wp-content/themes/rethink/js/custom.js?ver=6.8.3
100.30.255.46,1679753006,4,14618,386,/wp-content/themes/rethink/js/mobile-menu.js?ver=6.8.3
100.30.255.46,1679753006,4,14618,386,/wp-content/themes/rethink/js/superfish.js?ver=6.8.3
100.42.181.200,1680520648,4,51167,9992,/marche-fotocamere/reflex-sony/sony-alpha-68k/attachment/sony-%C3%8E%C2%B168-fotocamera-reflex/
100.42.182.184,1680520888,4,51167,13796,/wp-login.php
100.42.182.184,1680520888,4,51167,6017,/xmlrpc.php
100.42.191.181,1680523189,4,51167,7951,/wp-admin/
100.42.191.181,1680523189,4,51167,7951,//wp-login.php
100.42.191.181,1680523189,4,51167,7951,/wp-login.php
100.42.191.181,1680523189,4,51167,7951,/wp-login.php?redirect_to=https%3A%2F%2Feconomia.gnius.it%2Fwp-admin%2F&reauth=1
100.42.230.27,1680533019,4,54288,1077,/xmlrpc.php
100.42.230.27,1680533019,4,54288,10897,/xmlrpc.php
100.42.230.27,1680533019,4,54288,12835,/xmlrpc.php
100.42.230.27,1680533019,4,54288,3081,/xmlrpc.php
100.42.230.27,1680533019,4,54288,6014,/xmlrpc.php
100.42.230.27,1680533019,4,54288,6016,/xmlrpc.php
100.42.230.27,1680533019,4,54288,6017,/xmlrpc.php
100.42.230.27,1680533019,4,54288,9925,/xmlrpc.php
101.0.118.3,1694529027,4,55803,13796,/wp-login.php
101.0.72.246,1694517494,4,55803,13796,/wp-login.php
101.0.72.246,1694517494,4,55803,13801,/wp-login.php
101.0.72.246,1694517494,4,55803,13823,/xmlrpc.php
101.0.72.246,1694517494,4,55803,14798,/wp-login.php
101.0.72.246,1694517494,4,55803,4122,/wp-login.php
101.0.72.246,1694517494,4,55803,4128,/wp-login.php
101.0.72.246,1694517494,4,55803,6017,/xmlrpc.php
101.0.72.246,1694517494,4,55803,9976,/wp-login.php
101.0.72.246,1694517494,4,55803,9977,/xmlrpc.php
101.100.194.71,1701102151,4,38719,10951,/wp-login.php
101.100.194.71,1701102151,4,38719,1167,/wp-login.php
101.100.194.71,1701102151,4,38719,11897,/wp-login.php
101.100.194.71,1701102151,4,38719,11898,/wp-login.php
101.100.194.71,1701102151,4,38719,11918,/xmlrpc.php
101.100.194.71,1701102151,4,38719,1197,/xmlrpc.php
101.100.194.71,1701102151,4,38719,1201,/xmlrpc.php
101.100.194.71,1701102151,4,38719,12075,/author-sitemap.xml
101.100.194.71,1701102151,4,38719,12863,/xmlrpc.php
101.100.194.71,1701102151,4,38719,12891,/xmlrpc.php
101.100.194.71,1701102151,4,38719,12899,/wp-login.php
101.100.194.71,1701102151,4,38719,12917,/wp-login.php
101.100.194.71,1701102151,4,38719,13796,/wp-login.php
101.100.194.71,1701102151,4,38719,13801,/wp-login.php
101.100.194.71,1701102151,4,38719,13842,/wp-login.php
101.100.194.71,1701102151,4,38719,139,/wp-login.php
101.100.194.71,1701102151,4,38719,14797,/xmlrpc.php
101.100.194.71,1701102151,4,38719,14800,/xmlrpc.php
101.100.194.71,1701102151,4,38719,3084,/xmlrpc.php
101.100.194.71,1701102151,4,38719,4048,/wp-login.php
101.100.194.71,1701102151,4,38719,4106,/xmlrpc.php
101.100.194.71,1701102151,4,38719,4112,/wp-login.php
101.100.194.71,1701102151,4,38719,4120,/xmlrpc.php
101.100.194.71,1701102151,4,38719,5099,/xmlrpc.php
101.100.194.71,1701102151,4,38719,5121,/xmlrpc.php
101.100.194.71,1701102151,4,38719,5144,/wp-login.php
101.100.194.71,1701102151,4,38719,5145,/wp-login.php
101.100.194.71,1701102151,4,38719,5146,/xmlrpc.php
101.100.194.71,1701102151,4,38719,5147,/xmlrpc.php
101.100.194.71,1701102151,4,38719,5165,/xmlrpc.php
101.100.194.71,1701102151,4,38719,6017,/xmlrpc.php
101.100.194.71,1701102151,4,38719,6078,/xmlrpc.php
101.100.194.71,1701102151,4,38719,6081,/wp-login.php
101.100.194.71,1701102151,4,38719,7896,/wp-login.php
101.100.194.71,1701102151,4,38719,7956,/xmlrpc.php
101.100.194.71,1701102151,4,38719,7971,/wp-login.php
101.100.194.71,1701102151,4,38719,8004,/wp-login.php
101.100.194.71,1701102151,4,38719,8964,/xmlrpc.php
101.100.194.71,1701102151,4,38719,9008,/xmlrpc.php
101.100.194.71,1701102151,4,38719,9012,/wp-login.php
101.100.194.71,1701102151,4,38719,9233,/xmlrpc.php
101.100.194.71,1701102151,4,38719,9977,/wp-login.php
101.100.203.20,1701104404,4,38719,10927,/xmlrpc.php
101.100.203.20,1701104404,4,38719,11788,/xmlrpc.php
101.100.203.20,1701104404,4,38719,14836,/xmlrpc.php
101.100.203.20,1701104404,4,38719,37,/xmlrpc.php
101.100.203.20,1701104404,4,38719,5116,/xmlrpc.php
101.100.203.20,1701104404,4,38719,9972,/xmlrpc.php
101.100.204.241,1701104881,4,38719,119,/xmlrpc.php
101.100.204.241,1701104881,4,38719,4119,/xmlrpc.php
101.100.204.241,1701104881,4,38719,5973,/xmlrpc.php
101.100.249.124,1701116284,4,38719,13796,/wp-login.php
101.100.249.124,1701116284,4,38719,6017,/xmlrpc.php
101.126.146.193,1702793921,4,137718,11820,/xmlrpc.php
101.128.101.197,1702913477,4,135478,14760,/.env
101.128.97.37,1702912293,4,135478,3029,http://www.fotocamere-reflex.it/marche-fotocamere/reflex-canon/
101.128.98.151,1702912663,4,135478,70,/wp-comments-post.php
101.128.99.51,1702912819,4,135478,9919,/javascript:location.reload
101.128.99.51,1702912819,4,135478,9919,/wp-content/themes/twentytwentyfive/assets/fonts/fira-code/FiraCode-VariableFont_wght.woff2
101.128.99.51,1702912819,4,135478,9919,/wp-content/themes/twentytwentyfive/assets/fonts/manrope/Manrope-VariableFont_wght.woff2
101.128.99.51,1702912819,4,135478,9919,/xmlrpc.php?rsd
101.132.222.120,1703206520,4,37963,11812,/canon-eos-1200d-fotocamera-reflex-digitale-18-megapixel-con-obiettivo-ef-s-18-55-is-ii-nero/
101.198.0.133,1707475077,4,23724,3536,/wp-content/plugins/super-socializer/readme.txt
101.198.0.133,1707475077,4,23724,8181,/config.json
101.198.0.135,1707475079,4,23724,3536,/wp-content/plugins/contact-form-7/readme.txt
101.198.0.140,1707475084,4,23724,3536,/wp-content/plugins/cookie-law-info/readme.txt
101.198.0.140,1707475084,4,23724,3536,/wp-content/plugins/yet-another-stars-rating/readme.txt
101.198.0.142,1707475086,4,23724,8181,/sitemap.xml
101.198.0.150,1707475094,4,23724,2283,/wp-content/themes/twentytwentyfive/readme.txt
101.198.0.150,1707475094,4,23724,3536,/wp-content/plugins/akismet/readme.txt
101.198.0.150,1707475094,4,23724,8181,/sitemap.xml
101.198.0.150,1707475094,4,23724,969,/wp-content/themes/twentytwentythree/readme.txt
101.198.0.151,1707475095,4,23724,2283,/wp-content/themes/twentytwentythree/readme.txt
101.198.0.151,1707475095,4,23724,8181,/config.json
101.198.0.152,1707475096,4,23724,2283,/wp-content/themes/twentytwentyfive/readme.txt
101.198.0.152,1707475096,4,23724,3536,/wp-content/plugins/akismet/readme.txt
101.198.0.155,1707475099,4,23724,15605,/wp-content/themes/twentytwentythree/readme.txt
101.198.0.155,1707475099,4,23724,2283,/wp-content/plugins/contextual-related-posts/readme.txt
101.198.0.155,1707475099,4,23724,3536,/wp-content/plugins/fancy-box/readme.txt
101.198.0.155,1707475099,4,23724,3536,/wp-content/plugins/yet-another-stars-rating/readme.txt
101.198.0.156,1707475100,4,23724,2283,/wp-content/plugins/table-of-contents-plus/readme.txt
101.198.0.157,1707475101,4,23724,15605,/wp-content/themes/twentytwentythree/readme.txt
101.198.0.157,1707475101,4,23724,2283,/wp-content/plugins/contextual-related-posts/readme.txt
101.198.0.157,1707475101,4,23724,2283,/wp-content/plugins/table-of-contents-plus/readme.txt
101.198.0.157,1707475101,4,23724,3536,/wp-content/plugins/cookie-law-info/readme.txt
101.198.0.157,1707475101,4,23724,3536,/wp-content/plugins/fancy-box/readme.txt
101.198.0.157,1707475101,4,23724,3536,/wp-content/themes/rethink-child/readme.txt
101.198.0.157,1707475101,4,23724,8181,/config.json
101.198.0.157,1707475101,4,23724,8181,/robots.txt
101.198.0.170,1707475114,4,23724,3536,/wp-content/plugins/table-of-contents-plus/readme.txt
101.198.0.170,1707475114,4,23724,8181,/robots.txt
101.198.0.172,1707475116,4,23724,3536,/wp-content/plugins/contact-form-7/readme.txt
101.198.0.172,1707475116,4,23724,3536,/wp-content/plugins/yet-another-stars-rating/readme.txt
101.198.0.172,1707475116,4,23724,8181,/sitemap.xml
101.198.0.179,1707475123,4,23724,3536,/wp-content/plugins/super-socializer/readme.txt
101.198.0.180,1707475124,4,23724,8181,/config.json
101.198.0.181,1707475125,4,23724,3536,/wp-content/plugins/fancy-box/readme.txt
101.198.0.181,1707475125,4,23724,3536,/wp-content/plugins/table-of-contents-plus/readme.txt
101.198.0.181,1707475125,4,23724,8181,/config.json
101.198.0.184,1707475128,4,23724,8181,/robots.txt
101.198.0.187,1707475131,4,23724,2283,/wp-content/plugins/contextual-related-posts/readme.txt
101.198.0.187,1707475131,4,23724,3536,/wp-content/themes/rethink-child/readme.txt
101.198.0.187,1707475131,4,23724,3536,/wp-content/themes/rethink/readme.txt
101.198.0.188,1707475132,4,23724,2283,/wp-content/plugins/table-of-contents-plus/readme.txt
101.198.0.188,1707475132,4,23724,8181,/robots.txt
101.198.0.188,1707475132,4,23724,8181,/sitemap.xml
101.198.0.189,1707475133,4,23724,2283,/wp-content/themes/twentytwentyfive/readme.txt
101.198.0.189,1707475133,4,23724,8181,/config.json
101.198.0.189,1707475133,4,23724,8181,/wp-sitemap.xml
101.199.254.198,1707605702,4,4808,14760,/wp-content/themes/twentytwentythree/readme.txt
101.199.254.198,1707605702,4,4808,8181,/sitemap.xml
101.199.254.199,1707605703,4,4808,8181,/config.json
101.199.254.201,1707605705,4,4808,8181,/robots.txt
101.199.254.203,1707605707,4,4808,14760,/wp-content/themes/twentytwentythree/readme.txt
101.199.254.203,1707605707,4,4808,8181,/config.json
101.199.254.203,1707605707,4,4808,8181,/robots.txt
101.199.254.204,1707605708,4,4808,8181,/robots.txt
101.199.254.205,1707605709,4,4808,8181,/sitemap.xml
101.199.254.207,1707605711,4,4808,8181,/config.json
101.199.254.238,1707605742,4,4808,14760,/wp-content/themes/twentytwentythree/readme.txt
101.199.254.239,1707605743,4,4808,8181,/config.json
101.199.254.242,1707605746,4,4808,8181,/sitemap.xml
101.200.128.178,1707638962,4,37963,1156,/xmlrpc.php
101.201.66.35,1707688483,4,37963,1152,/xmlrpc.php
101.201.66.35,1707688483,4,37963,9001,/xmlrpc.php
101.251.238.168,1711009448,4,4808,14422,/wsman
101.251.238.168,1711009448,4,4808,7946,/v1/models
101.251.238.172,1711009452,4,4808,14422,/wsman
101.251.238.172,1711009452,4,4808,7946,/v1/models
101.251.238.173,1711009453,4,4808,14422,/wsman
101.251.238.173,1711009453,4,4808,7946,/v1/models
101.251.238.174,1711009454,4,4808,14422,/wsman
101.251.238.174,1711009454,4,4808,7946,/v1/models
101.251.238.60,1711009340,4,4808,14422,/wsman
101.251.238.60,1711009340,4,4808,7946,/v1/models
101.251.6.19,1710949907,4,132856,1109,/xmlrpc.php
101.251.6.19,1710949907,4,132856,8962,/xmlrpc.php
101.255.149.218,1711248858,4,38511,2271,/w/api.php?action=query&meta=siteinfo&format=json&formatversion=2
101.32.109.105,1696623977,4,132203,14,/wp-content/cache/minify/64f55.js
101.32.109.105,1696623977,4,132203,14,/wp-content/cache/minify/c6c19.js
101.32.109.105,1696623977,4,132203,69,/offerte/lg-lcd-3d-42-lb6200
101.32.109.36,1696623908,4,132203,14,/le-offerte-per-un-weekend-firenze/amp
101.32.114.134,1696625286,4,132203,10918,/video-lavatrice-distrutta/amp
101.32.114.230,1696625382,4,132203,2102,/wp-content/cache/minify/1615d.js
101.32.114.230,1696625382,4,132203,2102,/wp-content/cache/minify/64f55.js
101.32.114.230,1696625382,4,132203,2102,/wp-content/cache/minify/818c0.js
101.32.114.230,1696625382,4,132203,2102,/wp-content/cache/minify/c6c19.js
101.32.114.230,1696625382,4,132203,4066,/renault-megane-r-s/amp
101.32.115.245,1696625653,4,132203,10198,/wp-content/plugins/onesignal-free-web-push-notifications/sdk_files/OneSignalSDKWorker.js.php
101.32.127.122,1696628602,4,132203,6972,/offerte/cover-o-bag
101.32.15.141,1696599949,4,132203,13797,/informativa-cookie
101.32.15.141,1696599949,4,132203,13797,/tag/scarpe-antinfortunistiche
101.32.15.141,1696599949,4,132203,13797,/wp-admin/admin-ajax.php
101.32.15.141,1696599949,4,132203,13797,/wp-json/wordpress-popular-posts
101.32.15.141,1696599949,4,132203,13797,/xmlrpc.php?rsd
101.32.161.123,1696637307,4,132203,5063,/informativa-cookie/feed
101.32.161.96,1696637280,4,132203,8485,/specifiche-tecniche-del-mitsubishi-eclipse-cross
101.32.163.251,1696637947,4,132203,6982,/app-registratore-audio-su-iphone/amp
101.32.169.215,1696639447,4,132203,11040,/wp-content/cache/minify/818c0.js
101.32.169.215,1696639447,4,132203,11040,/wp-content/cache/minify/c6c19.js
101.32.169.215,1696639447,4,132203,6991,/offerte/ipad-air-2
101.32.176.85,1696641109,4,132203,4066,/polizza-infortuni-saradefender
101.32.208.70,1696649286,4,132203,13797,/sparco-gymkhana-max-scarpe-da-lavoro-antinfortunistiche
101.32.208.70,1696649286,4,132203,13797,/wp-content/themes/twentytwentyfive/assets/fonts/manrope/Manrope-VariableFont_wght.woff2
101.32.208.70,1696649286,4,132203,13797,/wp-content/uploads/2015/03/mutui-bancari-pi
101.32.208.70,1696649286,4,132203,13797,/xmlrpc.php?rsd
101.32.240.212,1696657620,4,132203,2998,//doiconvs.php
101.32.240.212,1696657620,4,132203,2998,/doiconvs.php
101.32.240.212,1696657620,4,132203,2998,//gdftps.php
101.32.240.212,1696657620,4,132203,2998,/gdftps.php
101.32.240.212,1696657620,4,132203,2998,//inputs.php
101.32.240.212,1696657620,4,132203,2998,/inputs.php
101.32.240.212,1696657620,4,132203,2998,//memberfuns.php
101.32.240.212,1696657620,4,132203,2998,/memberfuns.php
101.32.240.212,1696657620,4,132203,2998,//moddofuns.php
101.32.240.212,1696657620,4,132203,2998,/moddofuns.php
101.32.240.212,1696657620,4,132203,3095,//doiconvs.php
101.32.240.212,1696657620,4,132203,3095,//gdftps.php
101.32.240.212,1696657620,4,132203,3095,//inputs.php
101.32.240.212,1696657620,4,132203,3095,//memberfuns.php
101.32.240.212,1696657620,4,132203,3095,//moddofuns.php
101.32.242.179,1696658099,4,132203,7916,/xmlrpc.php
101.32.242.179,1696658099,4,132203,9949,/xmlrpc.php
101.32.252.200,1696660680,4,132203,2102,/wp-content/cache/minify/1615d.js
101.32.252.200,1696660680,4,132203,6084,/wp-content/cache/minify/1615d.js
101.32.49.171,1696608683,4,132203,13797,/wp-comments-post.php
101.32.49.171,1696608683,4,132203,13797,/wp-content/themes/twentytwentyfive/assets/fonts/fira-code/FiraCode-VariableFont_wght.woff2
101.32.49.171,1696608683,4,132203,13797,/xmlrpc.php
101.32.49.171,1696608683,4,132203,13797,/xmlrpc.php?rsd
101.32.52.164,1696609444,4,132203,13797,/nikon-d3200-18-105vr-fotocamera-reflex-colore-nero-obiettivo-incluso-versione-eu/
101.32.52.164,1696609444,4,132203,13797,/wp-content/themes/twentytwentyfive/assets/fonts/fira-code/FiraCode-VariableFont_wght.woff2
101.32.52.164,1696609444,4,132203,13797,/xmlrpc.php
101.32.52.164,1696609444,4,132203,13797,/xmlrpc.php?rsd
101.32.54.44,1696609836,4,132203,6991,/tag/blocco-icloud
101.32.54.46,1696609838,4,132203,5063,/festeggiare-ilcapodanno-alle-terme/amp
101.33.55.204,1696675788,4,132203,13797,/cofra-petri-s1-scarpe-antinfortunistiche/embed
101.33.55.204,1696675788,4,132203,13797,/informativa-cookie
101.33.55.204,1696675788,4,132203,13797,/informativa-cookie/
101.33.55.204,1696675788,4,132203,13797,/wp-admin/admin-ajax.php
101.33.55.204,1696675788,4,132203,13797,/wp-content/themes/twentytwentyfive/assets/fonts/manrope/Manrope-VariableFont_wght.woff2
101.33.55.204,1696675788,4,132203,13797,/wp-json/oembed/1.0/embed?url=https%3A%2F%2Fwww.fotocamere-reflex.it%2Finformativa-privacy&format=xml
101.33.55.204,1696675788,4,132203,13797,/xmlrpc.php
101.33.55.204,1696675788,4,132203,13797,/xmlrpc.php?rsd
101.33.66.34,1696678434,4,132203,13797,/disclaimer-privacy
101.33.66.34,1696678434,4,132203,13797,/informativa-cookie
101.33.66.34,1696678434,4,132203,13797,/wp-content/themes/twentytwentyfive/assets/fonts/fira-code/FiraCode-VariableFont_wght.woff2
101.33.66.34,1696678434,4,132203,13797,/wp-content/themes/twentytwentyfive/assets/fonts/manrope/Manrope-VariableFont_wght.woff2
101.33.66.34,1696678434,4,132203,13797,/wp-json/oembed/1.0/embed?url=https%3A%2F%2Fwww.fotocamere-reflex.it%2Finformativa-cookie
101.33.66.34,1696678434,4,132203,13797,/xmlrpc.php?rsd
101.33.80.42,1696682026,4,132203,13797,/informativa-cookie
101.33.80.42,1696682026,4,132203,13797,/wp-content/themes/twentytwentyfive/assets/fonts/manrope/Manrope-VariableFont_wght.woff2
101.33.80.42,1696682026,4,132203,13797,/wp-json/oembed/1.0/embed?url=https%3A%2F%2Fwww.fotocamere-reflex.it%2Finformativa-cookie
101.33.80.42,1696682026,4,132203,13797,/xmlrpc.php
101.33.81.73,1696682313,4,132203,13797,/baofular-scarpe-antinfortunistiche-antiscivolo
101.33.81.73,1696682313,4,132203,13797,/wp-admin/admin-ajax.php
101.33.81.73,1696682313,4,132203,13797,/wp-content/themes/twentytwentyfive/assets/fonts/fira-code/FiraCode-VariableFont_wght.woff2
101.33.81.73,1696682313,4,132203,13797,/xmlrpc.php
101.35.56.33,1696806945,4,45090,10879,/xmlrpc.php
101.35.56.33,1696806945,4,45090,10897,/xmlrpc.php
101.35.56.33,1696806945,4,45090,1107,/xmlrpc.php
101.35.56.33,1696806945,4,45090,75,/xmlrpc.php
101.35.56.33,1696806945,4,45090,7949,/wp-login.php
101.35.56.33,1696806945,4,45090,8962,/xmlrpc.php
101.35.56.33,1696806945,4,45090,9949,/xmlrpc.php
101.36.104.242,1696884978,4,135377,13729,/?%ADd+allow_url_include%3d1+%ADd+auto_prepend_file%3dphp://input
101.36.104.242,1696884978,4,135377,13729,/admin/vendor/phpunit/phpunit/src/Util/PHP/eval-stdin.php
101.36.104.242,1696884978,4,135377,13729,/api/vendor/phpunit/phpunit/src/Util/PHP/eval-stdin.php
101.36.104.242,1696884978,4,135377,13729,/apps/vendor/phpunit/phpunit/src/Util/PHP/eval-stdin.php
101.36.104.242,1696884978,4,135377,13729,/app/vendor/phpunit/phpunit/src/Util/PHP/eval-stdin.php
101.36.104.242,1696884978,4,135377,13729,/backup/vendor/phpunit/phpunit/src/Util/PHP/eval-stdin.php
101.36.104.242,1696884978,4,135377,13729,/blog/vendor/phpunit/phpunit/src/Util/PHP/eval-stdin.php
101.36.104.242,1696884978,4,135377,13729,/cms/vendor/phpunit/phpunit/src/Util/PHP/eval-stdin.php
101.36.104.242,1696884978,4,135377,13729,/containers/json
101.36.104.242,1696884978,4,135377,13729,/crm/vendor/phpunit/phpunit/src/Util/PHP/eval-stdin.php
101.36.104.242,1696884978,4,135377,13729,/demo/vendor/phpunit/phpunit/src/Util/PHP/eval-stdin.php
101.36.104.242,1696884978,4,135377,13729,/hello.world?%ADd+allow_url_include%3d1+%ADd+auto_prepend_file%3dphp://input
101.36.104.242,1696884978,4,135377,13729,/laravel/vendor/phpunit/phpunit/src/Util/PHP/eval-stdin.php
101.36.104.242,1696884978,4,135377,13729,/lib/phpunit/phpunit/src/Util/PHP/eval-stdin.php
101.36.104.242,1696884978,4,135377,13729,/lib/phpunit/phpunit/Util/PHP/eval-stdin.php
101.36.104.242,1696884978,4,135377,13729,/lib/phpunit/src/Util/PHP/eval-stdin.php
101.36.104.242,1696884978,4,135377,13729,/lib/phpunit/Util/PHP/eval-stdin.php
101.36.104.242,1696884978,4,135377,13729,/lib/vendor/phpunit/phpunit/src/Util/PHP/eval-stdin.php
101.36.104.242,1696884978,4,135377,13729,/panel/vendor/phpunit/phpunit/src/Util/PHP/eval-stdin.php
101.36.104.242,1696884978,4,135377,13729,/phpunit/phpunit/src/Util/PHP/eval-stdin.php
101.36.104.242,1696884978,4,135377,13729,/phpunit/phpunit/Util/PHP/eval-stdin.php
101.36.104.242,1696884978,4,135377,13729,/phpunit/src/Util/PHP/eval-stdin.php
101.36.104.242,1696884978,4,135377,13729,/phpunit/Util/PHP/eval-stdin.php
101.36.104.242,1696884978,4,135377,13729,/public/index.php?s=/index/\\think\\app/invokefunction&function=call_user_func_array&vars[0]=md5&vars[1][]=Hello
101.36.104.242,1696884978,4,135377,13729,/public/vendor/phpunit/phpunit/src/Util/PHP/eval-stdin.php
101.36.104.242,1696884978,4,135377,13729,/testing/vendor/phpunit/phpunit/src/Util/PHP/eval-stdin.php
101.36.104.242,1696884978,4,135377,13729,/tests/vendor/phpunit/phpunit/src/Util/PHP/eval-stdin.php
101.36.104.242,1696884978,4,135377,13729,/test/vendor/phpunit/phpunit/src/Util/PHP/eval-stdin.php
101.36.104.242,1696884978,4,135377,13729,/V2/vendor/phpunit/phpunit/src/Util/PHP/eval-stdin.php
101.36.104.242,1696884978,4,135377,13729,/vendor/phpunit/phpunit/LICENSE/eval-stdin.php
101.36.104.242,1696884978,4,135377,13729,/vendor/phpunit/phpunit/src/Util/PHP/eval-stdin.php
101.36.104.242,1696884978,4,135377,13729,/vendor/phpunit/phpunit/Util/PHP/eval-stdin.php
101.36.104.242,1696884978,4,135377,13729,/vendor/phpunit/src/Util/PHP/eval-stdin.php
101.36.104.242,1696884978,4,135377,13729,/vendor/phpunit/Util/PHP/eval-stdin.php
101.36.104.242,1696884978,4,135377,13729,/vendor/vendor/phpunit/phpunit/src/Util/PHP/eval-stdin.php
101.36.104.242,1696884978,4,135377,13729,/workspace/drupal/vendor/phpunit/phpunit/src/Util/PHP/eval-stdin.php
101.36.104.242,1696884978,4,135377,13729,/ws/ec/vendor/phpunit/phpunit/src/Util/PHP/eval-stdin.php
101.36.104.242,1696884978,4,135377,13729,/ws/vendor/phpunit/phpunit/src/Util/PHP/eval-stdin.php
101.36.104.242,1696884978,4,135377,13729,/www/vendor/phpunit/phpunit/src/Util/PHP/eval-stdin.php
101.36.104.242,1696884978,4,135377,13729,/yii/vendor/phpunit/phpunit/src/Util/PHP/eval-stdin.php
101.36.104.242,1696884978,4,135377,13729,/zend/vendor/phpunit/phpunit/src/Util/PHP/eval-stdin.php
101.36.105.50,1696885042,4,135377,8181,/config.json
101.36.105.50,1696885042,4,135377,8181,/robots.txt
101.36.105.50,1696885042,4,135377,8181,/sitemap.xml
101.36.106.134,1696885382,4,135377,3095,/wp-content/plugins/simple-share-buttons-adder/js/ssba.js?ver=1736376060
101.36.106.134,1696885382,4,135377,3095,/wp-content/plugins/super-progressive-web-apps/public/js/register-sw.js?ver=2.2.36
101.36.107.46,1696885550,4,135377,1045,/v1
101.36.107.46,1696885550,4,135377,1045,/version
101.36.108.133,1696885893,4,135377,3095,/wp-content/cache/minify/1615d.js
101.36.108.191,1696885951,4,135377,3095,/wp-content/plugins/super-progressive-web-apps/public/js/register-sw.js?ver=2.2.37
101.36.108.9,1696885769,4,135377,3095,/wp-content/cache/autoptimize/js/autoptimize_1e93a23f7fbfef60ffa4a59c7eeca176.js
101.36.108.9,1696885769,4,135377,3095,/wp-content/cache/autoptimize/js/autoptimize_single_d8a6086427c2d024e52fcb8cde010fdc.js?ver=3.7.0
101.36.108.9,1696885769,4,135377,3095,/wp-content/plugins/super-progressive-web-apps/public/js/register-sw.js?ver=2.2.36
101.36.108.9,1696885769,4,135377,3095,/wp-content/plugins/super-socializer/js/front/combined.js?ver=7.14.3
101.36.108.9,1696885769,4,135377,3095,/wp-content/plugins/super-socializer/js/front/facebook/commenting.js?ver=7.14.3
101.36.108.9,1696885769,4,135377,3095,/wp-content/plugins/super-socializer/js/front/facebook/sdk.js?ver=7.14.3
101.36.108.9,1696885769,4,135377,3095,/wp-content/plugins/super-socializer/js/front/sharing/sharing.js?ver=7.14.3
101.36.108.9,1696885769,4,135377,3095,/wp-content/plugins/super-socializer/js/front/social_login/general.js?ver=7.14.3
101.36.118.110,1696888430,4,135377,13848,/xmlrpc.php
101.36.118.110,1696888430,4,135377,5113,/xmlrpc.php
101.36.118.110,1696888430,4,135377,6061,/xmlrpc.php
101.36.118.110,1696888430,4,135377,7991,/xmlrpc.php
101.36.118.228,1696888548,4,135377,7527,/wp-content/plugins/super-progressive-web-apps/public/js/register-sw.js?ver=2.2.36
101.36.119.69,1696888645,4,135377,1045,/v1
101.36.119.69,1696888645,4,135377,1045,/version
101.36.122.183,1696889527,4,135377,8181,/config.json
101.36.122.183,1696889527,4,135377,8181,/robots.txt
101.36.122.183,1696889527,4,135377,8181,/sitemap.xml
101.36.123.102,1696889702,4,135377,13729,/?%ADd+allow_url_include%3d1+%ADd+auto_prepend_file%3dphp://input
101.36.123.102,1696889702,4,135377,13729,/admin/vendor/phpunit/phpunit/src/Util/PHP/eval-stdin.php
101.36.123.102,1696889702,4,135377,13729,/api/vendor/phpunit/phpunit/src/Util/PHP/eval-stdin.php
101.36.123.102,1696889702,4,135377,13729,/apps/vendor/phpunit/phpunit/src/Util/PHP/eval-stdin.php
101.36.123.102,1696889702,4,135377,13729,/app/vendor/phpunit/phpunit/src/Util/PHP/eval-stdin.php
101.36.123.102,1696889702,4,135377,13729,/backup/vendor/phpunit/phpunit/src/Util/PHP/eval-stdin.php
101.36.123.102,1696889702,4,135377,13729,/blog/vendor/phpunit/phpunit/src/Util/PHP/eval-stdin.php
101.36.123.102,1696889702,4,135377,13729,/cms/vendor/phpunit/phpunit/src/Util/PHP/eval-stdin.php
101.36.123.102,1696889702,4,135377,13729,/containers/json
101.36.123.102,1696889702,4,135377,13729,/crm/vendor/phpunit/phpunit/src/Util/PHP/eval-stdin.php
101.36.123.102,1696889702,4,135377,13729,/demo/vendor/phpunit/phpunit/src/Util/PHP/eval-stdin.php
101.36.123.102,1696889702,4,135377,13729,/hello.world?%ADd+allow_url_include%3d1+%ADd+auto_prepend_file%3dphp://input
101.36.123.102,1696889702,4,135377,13729,/laravel/vendor/phpunit/phpunit/src/Util/PHP/eval-stdin.php
101.36.123.102,1696889702,4,135377,13729,/lib/phpunit/phpunit/src/Util/PHP/eval-stdin.php
101.36.123.102,1696889702,4,135377,13729,/lib/phpunit/phpunit/Util/PHP/eval-stdin.php
101.36.123.102,1696889702,4,135377,13729,/lib/phpunit/src/Util/PHP/eval-stdin.php
101.36.123.102,1696889702,4,135377,13729,/lib/phpunit/Util/PHP/eval-stdin.php
101.36.123.102,1696889702,4,135377,13729,/lib/vendor/phpunit/phpunit/src/Util/PHP/eval-stdin.php
101.36.123.102,1696889702,4,135377,13729,/panel/vendor/phpunit/phpunit/src/Util/PHP/eval-stdin.php
101.36.123.102,1696889702,4,135377,13729,/phpunit/phpunit/src/Util/PHP/eval-stdin.php
101.36.123.102,1696889702,4,135377,13729,/phpunit/phpunit/Util/PHP/eval-stdin.php
101.36.123.102,1696889702,4,135377,13729,/phpunit/src/Util/PHP/eval-stdin.php
101.36.123.102,1696889702,4,135377,13729,/phpunit/Util/PHP/eval-stdin.php
101.36.123.102,1696889702,4,135377,13729,/public/index.php?s=/index/\\think\\app/invokefunction&function=call_user_func_array&vars[0]=md5&vars[1][]=Hello
101.36.123.102,1696889702,4,135377,13729,/public/vendor/phpunit/phpunit/src/Util/PHP/eval-stdin.php
101.36.123.102,1696889702,4,135377,13729,/testing/vendor/phpunit/phpunit/src/Util/PHP/eval-stdin.php
101.36.123.102,1696889702,4,135377,13729,/tests/vendor/phpunit/phpunit/src/Util/PHP/eval-stdin.php
101.36.123.102,1696889702,4,135377,13729,/test/vendor/phpunit/phpunit/src/Util/PHP/eval-stdin.php
101.36.123.102,1696889702,4,135377,13729,/V2/vendor/phpunit/phpunit/src/Util/PHP/eval-stdin.php
101.36.123.102,1696889702,4,135377,13729,/vendor/phpunit/phpunit/LICENSE/eval-stdin.php
101.36.123.102,1696889702,4,135377,13729,/vendor/phpunit/phpunit/src/Util/PHP/eval-stdin.php
101.36.123.102,1696889702,4,135377,13729,/vendor/phpunit/phpunit/Util/PHP/eval-stdin.php
101.36.123.102,1696889702,4,135377,13729,/vendor/phpunit/src/Util/PHP/eval-stdin.php
101.36.123.102,1696889702,4,135377,13729,/vendor/phpunit/Util/PHP/eval-stdin.php
101.36.123.102,1696889702,4,135377,13729,/vendor/vendor/phpunit/phpunit/src/Util/PHP/eval-stdin.php
101.36.123.102,1696889702,4,135377,13729,/workspace/drupal/vendor/phpunit/phpunit/src/Util/PHP/eval-stdin.php
101.36.123.102,1696889702,4,135377,13729,/ws/ec/vendor/phpunit/phpunit/src/Util/PHP/eval-stdin.php
101.36.123.102,1696889702,4,135377,13729,/ws/vendor/phpunit/phpunit/src/Util/PHP/eval-stdin.php
101.36.123.102,1696889702,4,135377,13729,/www/vendor/phpunit/phpunit/src/Util/PHP/eval-stdin.php
101.36.123.102,1696889702,4,135377,13729,/yii/vendor/phpunit/phpunit/src/Util/PHP/eval-stdin.php
101.36.123.102,1696889702,4,135377,13729,/zend/vendor/phpunit/phpunit/src/Util/PHP/eval-stdin.php
101.36.123.67,1696889667,4,135377,3095,/robots.txt
101.36.123.67,1696889667,4,135377,3095,/sitemap.xml
101.36.123.67,1696889667,4,135377,3095,/wp-content/plugins/pinterest-pin-it-button-on-image-hover-and-post/js/main.js?ver=6.8.1
101.36.123.67,1696889667,4,135377,3095,/wp-content/plugins/pinterest-pin-it-button-on-image-hover-and-post/js/pinit.js
101.36.123.67,1696889667,4,135377,3095,/wp-content/plugins/super-progressive-web-apps/public/js/register-sw.js?ver=2.2.36
101.36.123.67,1696889667,4,135377,3095,/wp-content/plugins/super-socializer/js/front/facebook/commenting.js?ver=7.14.3
101.36.123.67,1696889667,4,135377,3095,/wp-content/plugins/super-socializer/js/front/facebook/sdk.js?ver=7.14.3
101.36.123.67,1696889667,4,135377,3095,/wp-content/plugins/super-socializer/js/front/sharing/sharing.js?ver=7.14.3
101.36.123.67,1696889667,4,135377,3095,/wp-content/plugins/super-socializer/js/front/social_login/general.js?ver=7.14.3
101.36.127.24,1696890648,4,135377,3095,/wp-content/plugins/pinterest-pin-it-button-on-image-hover-and-post/js/main.js?ver=6.8.1
101.36.127.24,1696890648,4,135377,3095,/wp-content/plugins/pinterest-pin-it-button-on-image-hover-and-post/js/pinit.js
101.36.127.24,1696890648,4,135377,3095,/wp-content/plugins/super-progressive-web-apps/public/js/register-sw.js?ver=2.2.36
101.36.127.24,1696890648,4,135377,3095,/wp-content/plugins/super-socializer/js/front/facebook/commenting.js?ver=7.14.3
101.36.127.24,1696890648,4,135377,3095,/wp-content/plugins/super-socializer/js/front/facebook/sdk.js?ver=7.14.3
101.36.127.24,1696890648,4,135377,3095,/wp-content/plugins/super-socializer/js/front/sharing/sharing.js?ver=7.14.3
101.36.127.24,1696890648,4,135377,3095,/wp-content/plugins/super-socializer/js/front/social_login/general.js?ver=7.14.3
101.36.127.85,1696890709,4,135377,3095,/wp-content/plugins/simple-share-buttons-adder/js/ssba.js?ver=1736376060
101.36.127.85,1696890709,4,135377,3095,/wp-content/plugins/super-progressive-web-apps/public/js/register-sw.js?ver=2.2.36
101.36.97.80,1696883024,4,135377,8181,/config.json
101.36.97.80,1696883024,4,135377,8181,/robots.txt
101.36.97.80,1696883024,4,135377,8181,/sitemap.xml
101.37.75.104,1696942952,4,37963,12834,/xmlrpc.php
101.37.75.104,1696942952,4,37963,2047,/wp-login.php
101.37.75.104,1696942952,4,37963,3054,/xmlrpc.php
101.37.75.104,1696942952,4,37963,3105,/wp-login.php
101.37.75.104,1696942952,4,37963,5090,/xmlrpc.php
101.37.75.104,1696942952,4,37963,5091,/xmlrpc.php
101.37.75.104,1696942952,4,37963,6962,/xmlrpc.php
101.37.75.104,1696942952,4,37963,7952,/xmlrpc.php
101.42.252.231,1697316071,4,45090,7951,/wp-admin/
101.42.252.231,1697316071,4,45090,7951,/wp-login.php
101.42.252.231,1697316071,4,45090,7951,/wp-login.php?redirect_to=https%3A%2F%2Flampadine-smart.it%2Fwp-admin%2F&reauth=1
101.43.151.37,1697355557,4,45090,10845,/xmlrpc.php
101.43.151.37,1697355557,4,45090,10919,/xmlrpc.php
101.43.151.37,1697355557,4,45090,1131,/xmlrpc.php
101.43.151.37,1697355557,4,45090,1151,/xmlrpc.php
101.43.151.37,1697355557,4,45090,1153,/xmlrpc.php
101.43.151.37,1697355557,4,45090,118,/xmlrpc.php
101.43.151.37,1697355557,4,45090,12880,/xmlrpc.php
101.43.151.37,1697355557,4,45090,12885,/xmlrpc.php
101.43.151.37,1697355557,4,45090,13853,/xmlrpc.php
101.43.151.37,1697355557,4,45090,1,/xmlrpc.php
101.43.151.37,1697355557,4,45090,3118,/xmlrpc.php
101.43.151.37,1697355557,4,45090,5111,/xmlrpc.php
101.43.151.37,1697355557,4,45090,5112,/xmlrpc.php
101.43.151.37,1697355557,4,45090,5116,/xmlrpc.php
101.43.151.37,1697355557,4,45090,6070,/xmlrpc.php
101.43.151.37,1697355557,4,45090,6997,/xmlrpc.php
101.43.151.37,1697355557,4,45090,6,/xmlrpc.php
101.43.151.37,1697355557,4,45090,7992,/xmlrpc.php
101.43.151.37,1697355557,4,45090,9001,/xmlrpc.php
101.43.151.37,1697355557,4,45090,9886,/xmlrpc.php
101.43.151.37,1697355557,4,45090,9887,/xmlrpc.php
101.43.151.37,1697355557,4,45090,9904,/xmlrpc.php
101.44.160.123,1697423483,4,136907,7186,/wp-content/cache/minify/1615d.js
101.44.160.123,1697423483,4,136907,7186,/wp-content/cache/minify/64f55.js
101.44.160.123,1697423483,4,136907,7186,/wp-content/cache/minify/818c0.js
101.44.160.123,1697423483,4,136907,7186,/wp-content/cache/minify/c6c19.js
101.44.160.13,1697423373,4,136907,7186,/category/prestiti/prestiti-cessione-del-quinto/page/
101.44.160.13,1697423373,4,136907,7186,/category/prestiti/prestiti-leasing/page
101.44.160.49,1697423409,4,136907,6982,/category/os/os-windows-phone/page/
101.44.161.154,1697423770,4,136907,7186,/wp-content/cache/minify/45ffb.js
101.44.161.154,1697423770,4,136907,7186,/wp-content/cache/minify/64f55.js
101.44.161.154,1697423770,4,136907,7186,/wp-content/cache/minify/818c0.js
101.44.161.154,1697423770,4,136907,7186,/wp-content/cache/minify/c6c19.js
101.44.161.154,1697423770,4,136907,7186,/wp-content/cache/minify/f4bea.js
101.44.161.202,1697423818,4,136907,7915,/tag/carta-postepay
101.44.161.214,1697423830,4,136907,6264,/search/raccomandata+che+inizia+con+6/page/4
101.44.162.50,1697423922,4,136907,7915,/search/fiat+punto+dwg/page/2
101.44.162.50,1697423922,4,136907,7915,/search/killer+tra+noi+storia+vera/page/2
101.44.163.227,1697424355,4,136907,7186,/wp-content/cache/minify/1615d.js
101.44.184.104,1697429608,4,136907,10261,/wp-content/plugins/onesignal-free-web-push-notifications/sdk_files/OneSignalSDKWorker.js.php
101.44.184.186,1697429690,4,136907,10261,/wp-content/plugins/onesignal-free-web-push-notifications/sdk_files/OneSignalSDKWorker.js.php
101.44.184.193,1697429697,4,136907,10918,/wp-content/cache/minify/64f55.js
101.44.184.193,1697429697,4,136907,10918,/wp-content/cache/minify/818c0.js
101.44.184.193,1697429697,4,136907,10918,/wp-content/cache/minify/c6c19.js
101.44.184.193,1697429697,4,136907,6084,/tag/zaini/page/
101.44.184.23,1697429527,4,136907,7186,/wp-content/cache/minify/1615d.js
101.44.184.23,1697429527,4,136907,7186,/wp-content/cache/minify/64f55.js
